B19DCDT005,0
B19DCMR003,0
B19DCMR010,0
B19DCQT020,0
B19DCCN069,7.3
B19DCMR020,5.1
B19DCQT029,6.2
B19DCAT024,0
B19DCQT042,4.3
B19DCDT035,0
B19DCCN155,5.5
B19DCQT053,6.2
B19DCMR070,0
B19DCMR082,0
B19DCDT114,0
B19DCQT087,0
B19DCMR109,0
B19DCCN423,0
B19DCQT107,7.3
B19DCQT120,6.3
B19DCQT123,0
B15DCCN406,0
B19DCVT286,0
B17DCVT286,0
B19DCCN543,0
B19DCCN549,6.5
B19DCCN550,0
B19DCDT215,0
B19DCAT174,0
B19DCQT152,0
B19DCTM073,0
B19DCMR174,0
B19DCQT170,6.3
B19DCVT412,0
B19DCVT413,8.1
B19DCAT167,5.6
B19DCQT183,5.2
B19DCKT008,8
B19DCDT052,0
B19DCDT070,0
B19DCCN726,0
B19DCAT079,4.3
B19DCCN285,9.1
B19DCCN305,6.6
B19DCDT106,0
B19DCQT083,0
B19DCKT108,0
B19DCKT111,0
B19DCVT256,6.2
B19DCCN463,6.8
B19DCQT115,0
B19DCKT132,7.6
B19DCDT165,6
B19DCCN534,8.5
B19DCCN540,0
B19DCDT181,0
B17DCCN542,0
B19DCPT198,0
B19DCDT226,0
B19DCVT393,5.2
B19DCKT166,0
B19DCKT170,0
B19DCCN596,0
B19DCKT178,6.9
B19DCCN697,0
B19DCCN700,6.3
B18DCCN678,0
B19DCCN602,5.3
B19DCVT359,8.3
B19DCKT190,0
B19DCCN710,0
B19DCVT438,0
B19DCCN725,5.4
B19DCKT198,5.6
B19DCVT002,0
B19DCCN011,0
B19DCCN045,0
B19DCMR025,0
B19DCAT023,0
B19DCVT049,0
B17DCTT016,8.8
B19DCAT015,0
B19DCDT023,0
B19DCCN109,0
B19DCVT076,5.9
B19DCAT041,0
B19DCVT087,0
B19DCVT101,0
B19DCAT056,0
B19DCVT128,0
B19DCCN237,7.9
B19DCAT082,0
B19DCDT111,0
B19DCDT121,6.8
B19DCAT101,0
B19DCCN426,8.3
B19DCDT151,8.6
B19DCVT276,0
B18DCCN439,0
B19DCVT288,0
B19DCDT173,0
B19DCVT292,0
B19DCCN544,0
B19DCQT141,0
B19DCQT142,0
B19DCDT189,0
B19DCVT322,0
B19DCVT324,0
B19DCVT328,0
B19DCVT418,5.9
B19DCAT169,0
B19DCQT185,0
B19DCVT008,4.7
B19DCCN039,0
B17DCPT248,5
B19DCQT017,5.8
B18DCPT029,0
B18DCCN078,0
B19DCAT016,0
B19DCKT031,6.8
B19DCVT061,6.4
B19DCCN144,0
B19DCCN147,7.6
B18DCAT044,0
B19DCDT042,0
B19DCQT045,0
B19DCCN216,7
B17DCCN325,7.4
B18DCAT144,6.3
B19DCCN483,0
B19DCCN459,0
B19DCAT136,0
B19DCDT168,0
B18DCPT186,0
B17DCCN760,0
B17DCCN707,0
B15DCCN510,0
B17DCCN571,6.9
B19DCCN656,0
B17DCDT175,0
B16DCPT150,0
B16DCQT141,0
B19DCVT405,7.4
B19DCVT411,5.9
B19DCQT177,0
B17DCDT196,0
B19DCAT205,6.7
B19DCCN719,0
B19DCMR006,5.3
B19DCMR007,0
B19DCDT025,0
B19DCMR030,5.3
B19DCCN193,0
B19DCPT070,8.2
B19DCPT073,7.5
B19DCDT072,5.9
B19DCMR064,0
B19DCDT079,0
B19DCTM027,0
B19DCCN306,7.8
B19DCCN307,6.5
B19DCCN385,0
B18DCAT161,6.1
B19DCDT146,0
B19DCDT150,0
B19DCCN454,5.5
B19DCDT162,7.4
B19DCMR133,0
B19DCVT302,6.3
B19DCVT307,4.6
B19DCTM070,0
B19DCDT231,0
B19DCVT383,0
B19DCAT190,0
B19DCCN683,0
B19DCMR182,8.1
B19DCQT171,6.9
B19DCDT244,5.4
B19DCDT250,0
B19DCDT209,6.7
B19DCCN635,0
B19DCMR198,0
B19DCCN712,6
B19DCCN714,5.5
B19DCMR207,0
B19DCMR210,5
B19DCDT010,7.9
B19DCDT014,7.4
B19DCCN050,7.7
B19DCCN101,0
B19DCDT029,6.5
B19DCKT034,5.2
B19DCPT039,6.3
B19DCDT043,7
B19DCDT047,0
B19DCVT081,0
B19DCDT057,6.8
B19DCCN194,8.2
B19DCQT057,0
B19DCCN222,0
B19DCKT058,0
B19DCCN275,0
B19DCCN733,0
B19DCVT208,0
N18DCAT033B,0
B19DCCN399,0
B19DCDT139,6.2
B19DCCN418,8
B19DCVT251,7.8
B19DCVT268,5.9
B19DCDT155,8.5
B19DCCN478,5.2
B19DCQT132,4.3
B19DCCN552,0
B19DCCN571,7.1
B19DCCN654,6.5
B19DCCN671,7.1
B19DCDT241,7.4
B19DCVT423,4.9
B19DCCN610,5.2
B19DCVT358,6.5
B19DCVT363,8.5
B19DCCN633,0
B19DCVT012,0
B19DCVT019,7.3
B19DCVT449,0
B19DCVT047,0
B19DCPT027,0
B19DCCN084,6.6
B19DCKT026,0
B19DCCN110,6.9
B19DCDT039,7
B18DCMR042,0
B19DCPT045,0
B19DCVT079,4.2
B19DCQT050,0
B19DCKT042,0
B19DCVT119,7.5
B19DCKT052,7
B19DCAT088,6.8
B19DCPT117,7.7
B19DCKT100,7.1
B19DCDT141,0
B19DCQT117,7.6
B19DCKT133,6
B19DCCN500,6.5
B19DCQT131,0
B19DCCN522,6.1
B19DCAT150,5.2
B19DCPT197,7.2
B19DCDT187,8.9
B19DCCN644,0
B19DCCN666,0
B19DCKT159,0
B19DCAT161,5.7
B19DCKT182,8.1
B19DCDT205,9.2
B19DCKT194,0
B19DCPT242,6.7
B19DCPT250,7.5
B19DCQT007,6
B19DCKT016,7.5
B19DCTM006,0
B19DCCN070,0
B19DCTM013,5
B19DCAT021,0
B19DCQT038,7.5
B19DCQT046,5.4
B19DCKT036,7.7
B19DCCN184,7.2
B18DCAT056,0
B19DCCN198,0
B19DCCN249,0
B19DCQT064,5.2
B19DCKT067,0
B19DCKT068,7.3
B18DCVT201,0
B19DCCN351,8.3
B19DCCN419,0
B19DCTM051,0
B16DCPT104,0
B18DCMR141,6.3
B19DCQT129,7.2
B19DCCN526,7.3
B19DCCN557,5.1
B19DCTM063,5.3
B19DCVT368,5.7
B19DCCN653,7.3
B19DCQT162,0
B19DCKT176,7.8
B19DCVT416,5.5
B19DCQT178,6
B19DCKT187,7.4
B17DCCN648,7.4
B19DCVT357,0
B19DCKT191,0
B19DCCN717,7.6
B18DCVT021,0
B19DCCN096,7.2
B19DCDT020,0
B19DCDT024,0
B19DCDT030,0
B19DCDT036,6.1
B19DCAT035,0
B19DCCN173,6
B19DCMR047,6.6
B19DCDT051,4.1
B19DCVT103,5.6
B19DCCN233,7.7
B19DCTT042,0
B19DCDT075,6
B19DCMR074,7.3
B19DCQT068,0
B19DCVT166,5
B19DCPT131,7
B19DCVT220,5.4
B19DCDT158,5.2
B19DCQT108,0
B19DCCN471,0
B19DCCN474,6.4
B19DCAT132,0
B19DCCN495,0
B19DCMR138,7.9
B19DCCN501,6.1
B19DCDT170,7.1
B19DCMR149,5.4
B19DCAT173,7.8
B19DCCN645,0
B19DCMR168,0
B19DCCN577,6.9
B19DCDT195,0
B19DCDT243,6.4
B19DCCN688,7.5
B19DCCN694,0
B19DCVT340,7.3
B19DCAT001,8.5
B19DCDT004,0
B19DCAT005,0
B19DCDT011,0
B19DCPT011,8.1
B19DCPT012,6.2
B19DCAT013,7.7
B19DCCN098,5.5
B19DCAT025,8.6
B19DCCN072,5.8
B19DCCN127,0
B19DCAT044,0
B19DCDT064,6.9
B19DCQT054,5.5
B19DCDT086,6.5
B19DCVT147,6.3
B19DCCN294,6
B19DCAT081,7.1
B19DCAT085,7.6
B19DCAT089,7.2
B19DCDT110,5.9
B19DCCN358,6.9
B19DCVT203,5.3
B19DCMR098,7
B19DCMR110,7.5
B19DCDT143,0
B19DCDT164,7.3
B19DCPT176,5.7
B19DCPT185,5.1
B17DCQT137,7.7
B19DCPT195,0
B19DCVT374,0
B19DCQT150,6.6
B19DCPT225,6.1
B19DCCN674,6.5
B19DCQT157,5.5
B19DCCN619,6.6
B19DCDT207,5.7
B19DCPT005,5.9
B19DCTM001,7.2
B19DCAT008,7.1
B19DCTM007,5.8
B19DCCN055,7.1
B19DCCN076,0
B19DCCN088,5.9
B19DCCN115,0
B19DCPT030,7.3
B19DCPT031,6.6
B19DCCN136,0
B19DCPT061,0
B19DCAT060,0
B19DCDT089,7.3
B19DCPT099,5.8
B19DCAT109,5.7
B19DCMR099,5.7
B19DCCN443,5.4
B19DCPT166,7.1
B19DCKT119,5.5
B19DCDT163,5.2
B19DCAT133,0
B19DCDT167,5.2
B19DCKT137,6.6
B19DCAT144,6.9
B19DCCN551,0
B19DCDT191,5.3
B19DCDT219,6.9
B19DCDT235,7.1
B19DCAT193,0
B19DCDT239,7.8
B19DCDT197,7.6
B19DCDT245,7.9
B19DCCN706,0
B19DCDT251,8.1
B19DCDT253,6.9
B19DCTM009,6.1
B19DCPT024,6.8
B19DCCN083,8.1
B19DCDT032,6.2
B19DCQT043,4.9
B19DCCN154,7.4
B18DCDT060,0
B19DCPT071,6.3
B19DCDT076,6.2
B19DCCN253,7.2
B19DCCN280,7.3
B19DCPT096,6.6
B19DCCN296,6.7
B19DCVT185,5.3
B19DCCN334,0
B19DCCN400,6.4
B19DCCN402,8.1
B19DCTM041,7.8
B19DCPT157,6.8
B19DCPT174,6.4
B19DCCN492,6.6
B19DCMR143,4.9
B19DCMR144,5.4
B19DCQT135,6.7
B19DCAT147,6.2
B19DCVT309,0
B19DCCN563,6.1
B19DCVT385,6.2
B19DCCN661,7
B19DCVT332,0
B19DCMR188,0
B19DCVT409,7.6
B19DCVT420,6.6
B19DCAT200,7.6
B19DCVT425,6.5
B19DCVT337,4.5
B19DCVT345,5.6
B19DCDT006,0
B19DCVT057,0
B19DCCN161,0
B19DCDT073,6
B19DCAT067,0
B19DCCN250,0
B19DCAT072,6.9
B19DCDT085,0
B19DCCN271,6.1
B19DCCN279,7.4
B19DCCN282,5.3
B19DCCN290,0
B19DCDT101,0
B19DCCN298,6.9
B14DCPT224,0
B19DCDT105,0
B19DCCN326,0
B19DCDT109,0
B19DCQT080,5.8
B19DCDT138,6.1
B19DCCN494,6.1
B19DCTM059,0
B19DCVT296,0
B19DCCN530,0
B19DCCN542,5.8
B19DCDT182,5.8
B19DCDT190,5.9
B19DCDT221,6.6
B19DCDT234,5.8
B19DCCN579,7.7
B19DCDT194,0
B19DCCN591,0
B19DCVT343,0
B19DCVT344,0
B19DCKT189,6.4
B19DCQT180,0
B19DCVT446,5.6
B19DCCN032,5.7
B19DCCN112,7.3
B19DCCN123,7.7
B19DCCN135,8.6
B19DCMR041,0
B19DCCN150,8.3
B19DCMR050,0
B19DCCN185,6.7
B19DCVT107,0
B19DCCN212,6.8
B19DCCN223,6.5
B19DCVT121,0
B19DCCN224,7
B19DCCN278,7.8
B19DCVT191,0
B19DCPT135,5.2
B19DCMR091,7.3
B19DCMR092,8.1
B19DCPT138,7.3
B19DCMR095,7.1
B19DCCN380,8.1
B19DCCN413,7.9
B19DCCN427,6.8
B19DCCN431,8.6
B19DCDT153,0
B19DCCN473,6.8
B19DCMR124,0
B19DCCN475,7.8
B19DCMR127,6.8
B19DCCN491,6.6
B19DCMR148,6
B19DCQT156,0
B19DCMR172,6.6
B19DCCN685,8.6
B19DCVT362,7.2
B19DCCN709,8.3
B19DCPT249,4.9
B19DCPT253,7.2
B19DCCN042,0
B19DCQT014,4.6
B19DCCN075,5.8
B19DCCN077,0
B19DCCN125,0
B19DCPT038,0
B19DCCN162,0
B19DCPT041,0
B19DCPT043,0
B18DCVT087,0
B19DCVT091,0
B19DCCN207,0
B19DCPT072,0
B19DCCN220,5.2
B19DCCN221,0
B19DCAT062,6.4
B19DCPT080,0
B19DCCN245,0
B19DCDT087,0
B19DCPT093,7.5
B19DCAT093,0
B19DCQT074,5.5
B19DCPT123,0
B19DCDT128,0
B19DCQT088,5.4
B19DCMR096,6
B19DCPT143,7.2
B19DCCN437,0
B19DCQT113,0
B19DCQT130,6.3
B19DCDT177,7.3
B19DCAT186,6
B19DCVT410,4.8
B19DCCN707,0
B19DCPT248,5.4
B19DCPT252,0
B19DCQT186,0
B19DCQT003,5.4
B19DCVT029,5.2
B19DCVT043,4.3
B19DCQT032,6.7
B19DCCN137,6.1
B19DCAT040,0
B19DCDT059,7.2
B19DCDT060,0
B19DCVT098,7.1
B19DCCN197,0
B19DCAT055,0
B19DCQT075,0
B19DCQT085,4.8
B19DCCN374,8
B19DCTM037,6.8
B19DCQT093,8.7
B19DCQT094,6.5
B19DCCN415,0
B19DCMR112,0
B19DCDT159,5.7
B19DCDT160,0
B19DCQT124,7.5
B19DCCN513,4.8
B19DCCN555,0
B19DCDT216,6.5
B19DCQT146,0
B18DCDT233,6.4
B19DCAT187,0
B18DCAT241,0
B19DCDT240,0
B19DCQT164,6.4
B19DCQT166,5.8
B19DCQT168,5
B19DCCN601,8
B19DCCN622,0
B19DCVT353,0
B19DCKT004,7
B19DCKT006,4.9
B19DCKT007,5.6
B19DCPT006,7.6
B19DCKT017,7.4
B19DCCN040,0
B19DCKT027,5.2
B19DCVT037,6
B19DCCN090,6.4
B19DCVT052,0
B19DCAT026,5.1
B19DCVT064,7.1
B19DCCN169,7.4
B19DCMR051,6.3
B19DCKT039,0
B19DCKT045,0
B19DCKT053,8
B19DCKT061,7
B19DCVT154,8
B19DCVT184,6.6
B19DCKT079,5.6
B19DCPT126,6.3
B19DCKT081,5.5
B19DCKT093,5.4
B19DCKT099,0
B19DCVT232,6.1
B19DCKT110,4.3
B19DCKT129,6.9
B19DCKT131,0
B19DCKT118,6
B19DCKT134,0
B19DCKT143,7.3
B19DCPT189,7.3
B19DCKT147,6.2
B19DCKT148,7.1
B19DCKT168,7.3
B19DCKT180,7.2
B19DCKT184,6.5
B19DCTM003,7.2
B19DCTM012,0
B19DCTT017,5.8
B19DCTM020,4.3
B19DCTM026,5.2
B19DCCN266,0
B19DCCN281,0
B19DCCN287,0
B19DCTT045,0
B19DCTT060,5.8
B19DCTT061,7
B19DCTT063,6.2
B19DCTT067,6.8
B19DCTT069,5.4
B19DCTT075,7.9
B19DCPT160,5.8
B19DCTT077,7.9
B19DCDT156,6.3
B19DCCN466,7
B19DCTM053,7.4
B19DCTT089,7.4
B19DCCN509,4.3
B19DCTT094,5
B19DCCN545,0
B19DCTT095,5.6
B19DCTT097,8.1
B19DCTM069,5.6
B19DCTM071,0
B19DCPT224,6.7
B19DCTM074,4.9
B19DCTT110,0
B17DCDT184,0
B19DCCN693,0
B19DCCN695,4.5
B19DCPT220,0
B19DCTM079,5.4
B19DCVT443,6.1
B19DCKT001,6.9
B19DCKT009,5.3
B19DCCN018,6.3
B19DCQT026,0
B19DCQT030,5.8
B19DCQT036,0
B19DCCN130,0
B19DCCN138,6
B19DCCN163,0
B19DCKT041,6.4
B19DCKT050,5.3
B18DCMR063,6.4
B19DCVT133,0
B19DCVT153,0
B19DCCN274,0
B18DCCN278,6.8
B19DCDT130,0
B19DCVT225,0
B19DCVT230,4.1
B19DCCN401,0
B19DCTM040,6
B19DCVT246,0
B19DCTM050,5.8
B19DCKT139,0
B19DCAT143,4.6
B19DCQT134,0
B19DCAT145,5.4
B19DCCN558,5.5
B19DCTM072,0
B19DCQT155,0
B19DCCN668,0
B19DCAT195,5.5
B19DCCN589,0
B19DCTM078,5.9
B17DCCN651,6.8
B19DCMR208,7.2
B19DCVT031,0
B19DCMR032,6.3
B19DCTT021,0
B19DCPT032,0
B19DCCN166,0
B19DCCN728,0
B19DCPT092,0
B19DCDT099,0
B19DCKT072,5.3
B19DCMR078,7.3
B19DCVT183,5.6
B19DCVT202,0
B19DCCN366,0
B17DCCN405,0
B19DCMR119,4.7
B19DCMR132,7.7
B19DCPT169,5.7
B19DCVT280,4.2
B19DCMR140,0
B19DCMR152,5.3
B19DCCN569,6.1
B19DCPT199,6.7
B19DCVT369,0
B19DCCN640,6
B19DCVT375,7.3
B19DCVT397,7.1
B19DCKT164,0
B19DCCN680,0
B19DCVT404,6.5
B19DCVT325,6.4
B19DCCN590,5
B19DCMR180,6
B19DCMR187,5
B19DCDT246,0
B19DCVT354,0
B19DCCN721,7
B17DCAT218,0
B19DCMR002,7.8
B19DCCN021,0
B19DCCN093,5.9
B19DCTM015,5.4
B19DCTT025,6.8
B19DCPT044,6.7
B19DCTT033,6.6
B19DCTT035,7
B19DCTT036,5.1
B19DCPT068,8.7
B19DCPT069,7.9
B19DCCN270,5
B19DCTT048,7.3
B19DCTT049,5.9
B19DCCN324,4.4
B19DCTT056,7.2
B19DCDT112,0
B19DCPT129,7.4
B19DCMR094,5.3
B19DCTM039,7.9
B19DCVT240,7.2
B19DCTM045,7.9
B19DCPT159,7.3
B19DCTM055,5.1
B19DCTT086,6.6
B19DCTT091,7.1
B19DCMR154,6.2
B19DCPT194,7.1
B19DCDT217,4.5
B19DCCN659,0
B19DCPT229,6.9
B19DCDT237,0
B19DCCN585,0
B19DCVT336,5.4
B19DCAT209,0
B19DCPT251,4.8
B19DCTM082,0
B19DCKT010,6.7
B19DCKT011,6.7
B19DCKT015,6.3
B19DCQT009,7.1
B19DCCN056,8.2
B19DCCN106,5.2
B19DCVT058,7.3
B19DCMR043,8.3
B19DCMR044,8
B19DCCN152,7.7
B18DCCN186,8
B19DCMR052,6.9
B19DCMR053,6.8
B19DCKT059,5.9
B19DCMR065,6.6
B19DCMR075,7.3
B19DCQT069,7.5
B19DCCN293,4.4
B19DCCN327,0
B19DCMR084,7.7
B19DCVT198,0
B19DCQT086,7.6
B19DCMR111,5.1
B19DCCN448,7.2
B19DCKT121,4.7
B19DCCN523,7.1
B19DCCN535,8
B19DCCN559,8.6
B19DCMR165,5.1
B19DCKT154,0
B19DCMR167,7
B19DCQT154,6.4
B19DCDT229,7.6
B19DCMR179,5.9
B19DCQT175,5.1
B19DCVT442,5.3
B17DCQT177,0
B19DCAT003,7.9
B19DCCN035,0
B19DCVT026,0
B19DCCN099,4.3
B19DCDT021,0
B19DCAT020,0
B19DCDT027,0
B19DCCN114,5.2
B19DCCN116,5
B19DCCN129,6.1
B19DCAT034,0
B19DCDT067,0
B19DCKT051,4.9
B19DCDT090,6.9
B19DCTT051,7.5
B19DCVT178,0
B19DCAT092,0
B19DCMR081,7.1
B19DCAT094,0
B19DCAT098,5.9
B19DCDT117,0
B19DCDT119,0
B19DCCN355,6.6
B19DCDT131,0
B19DCVT226,5.9
B19DCVT242,0
B19DCDT148,5
B19DCCN465,0
B19DCCN472,7.3
B19DCAT175,6.7
B19DCCN593,4.7
B19DCDT204,0
B19DCDT208,5.3
B19DCQT144,5.3
B19DCVT367,0
B19DCDT254,5.4
B19DCAT002,8
B19DCDT009,5.9
B19DCAT006,5.7
B19DCKT014,0
B19DCKT021,6.4
B19DCCN053,4.9
B19DCVT045,5.5
B19DCAT017,0
B19DCVT035,0
B19DCKT029,6.2
B19DCDT031,5.7
B19DCAT058,8
B19DCAT059,0
B19DCVT140,8.1
B19DCAT074,8.6
B19DCCN315,0
B19DCVT180,7.7
B19DCCN321,8.1
B19DCCN356,8.1
B19DCAT106,7.8
B19DCVT210,0
B19DCKT101,6.7
B19DCAT113,4
B19DCAT118,6.6
B19DCQT098,4.7
B19DCCN444,6.1
B19DCCN451,7.4
B19DCCN461,0
B19DCCN508,0
B19DCAT146,5.3
B19DCCN547,4.9
B19DCDT184,0
B19DCDT188,0
B19DCCN701,6.5
B19DCCN609,5.3
B19DCCN616,7.2
B19DCCN620,8.4
B19DCKT018,7.3
B19DCKT022,7.4
B19DCAT018,5
B19DCCN148,6.5
B19DCAT210,0
B19DCCN165,8.1
B19DCDT044,5.4
B19DCAT043,5.1
B19DCVT120,0
B19DCCN235,0
B19DCAT066,0
B19DCCN261,5.4
B19DCCN262,7
B19DCPT124,0
B19DCKT086,7.9
B19DCDT133,0
B19DCCN414,7.4
B19DCCN430,6.8
B19DCVT250,7.3
B19DCKT113,8
B19DCMR129,6.4
B19DCTT088,0
B19DCCN519,8
B19DCVT295,0
B19DCCN531,0
B19DCDT185,7.3
B19DCKT150,5.7
B19DCVT316,5.8
B19DCAT181,5.7
B19DCTM076,0
B19DCKT183,6.9
B19DCCN598,7.8
B19DCKT193,7.6
B19DCKT195,6.8
B19DCVT439,5.6
B19DCVT441,5.5
B19DCPT247,6.7
B19DCMR004,6.2
B19DCCN041,0
B17DCDT017,0
B19DCCN054,6.7
B19DCCN066,7.2
B19DCDT022,7.6
B19DCDT050,0
B19DCDT063,0
B19DCCN206,7.4
B19DCDT074,0
B19DCCN247,7
B19DCVT139,0
B19DCCN252,6.6
B19DCDT091,0
B19DCDT092,0
B17DCCN296,0
B19DCAT103,5.8
B19DCVT209,0
B19DCDT123,6.1
B19DCDT126,0
B19DCCN395,6.4
B19DCCN416,0
B19DCDT147,0
B19DCCN504,0
B19DCDT171,0
B19DCDT172,0
B19DCVT300,8.1
B19DCCN639,6.7
B19DCDT223,0
B19DCDT232,0
B19DCDT196,0
B19DCDT199,7.2
B19DCAT168,0
B19DCVT356,6.4
B19DCDT210,0
B19DCMR197,0
B19DCVT001,7.1
B19DCCN012,0
B19DCCN020,7.7
B19DCDT008,5.1
B18DCTM006,0
B19DCCN085,6.5
B19DCDT028,0
B19DCDT037,6.4
B19DCDT046,0
B19DCCN191,6
B19DCDT062,0
B19DCCN200,0
B19DCVT106,5.7
B19DCDT068,0
B19DCAT077,0
B19DCCN313,6
B19DCAT104,0
B19DCDT134,0
B19DCCN435,0
B19DCKT125,4.8
B19DCCN556,6.4
B19DCVT314,4.6
B19DCDT222,5.3
B19DCDT224,0
B19DCAT184,4.5
B19DCPT230,5.2
B19DCAT192,5.9
B19DCKT165,5.6
B19DCVT320,8
B19DCDT192,5
B19DCQT167,4.3
B19DCCN611,4.9
B19DCCN624,0
B19DCTT120,7.3
B19DCTT121,8.3
B19DCVT444,0
B19DCDT001,0
B19DCCN004,5.5
B19DCCN013,0
B19DCMR018,7.6
B19DCCN059,0
B19DCCN062,6.5
B19DCDT034,0
B19DCQT044,7.4
B19DCVT089,7.2
B19DCDT058,8.5
B19DCQT060,8.3
B19DCVT137,5
B19DCVT145,0
B19DCVT161,7.3
B19DCCN286,0
B19DCDT097,0
B19DCCN312,8
B19DCDT107,6.2
B19DCKT097,0
B19DCCN393,4.7
B19DCKT106,0
B19DCVT248,0
B19DCCN730,8.2
B19DCQT128,9.1
B19DCCN527,0
B19DCAT155,8.7
B19DCCN651,7.7
B19DCDT225,8.1
B19DCQT148,8.5
B19DCDT238,8.3
B19DCKT162,5.1
B19DCVT329,6.8
B19DCCN595,0
B19DCAT162,7.5
B19DCCN698,6.8
B19DCCN615,8.1
B19DCCN724,0
B15DCCN701,7.6
B19DCCN001,7.1
B19DCPT009,0
B19DCVT018,6.7
B19DCKT019,0
B19DCPT046,7.1
B19DCCN178,6.2
B19DCPT064,0
B19DCVT111,0
B19DCKT057,0
B19DCPT082,6.6
B19DCPT101,0
B19DCKT073,0
B19DCAT108,5.5
B19DCCN347,0
B19DCKT085,5.8
B19DCPT140,5.6
B19DCCN382,5.4
B19DCVT228,8.4
B19DCKT115,7.1
B19DCKT117,6.4
B19DCKT120,0
B17DCVT261,0
B19DCKT126,7.9
B19DCCN512,6.8
B19DCKT138,8.3
B19DCPT184,6.9
B19DCCN532,6.3
B19DCCN539,0
B19DCKT149,0
B19DCCN572,6.6
B19DCCN646,0
B19DCAT185,4.2
B19DCCN663,0
B19DCCN681,0
B19DCPT208,6.1
B19DCCN618,0
B19DCCN723,5.4
B19DCCN007,0
B19DCCN065,6
B19DCCN103,6.1
B19DCCN104,7.6
B19DCCN118,8.6
B19DCKT035,0
B19DCKT043,0
B19DCVT115,6.1
B19DCCN229,0
B19DCVT148,5
B19DCCN308,7.6
B19DCKT076,6.7
B19DCCN342,7.4
B19DCCN368,7.5
B19DCKT090,0
B19DCKT089,6.1
B19DCKT091,0
B19DCKT092,0
B19DCKT122,4.4
B18DCPT167,8.4
B19DCVT277,4.8
B19DCMR128,6.8
B19DCMR135,7.2
B19DCDT169,0
B19DCVT301,7.3
B19DCQT137,7.9
B19DCVT305,6.2
B19DCVT311,6.4
B19DCVT370,0
B19DCVT376,0
B19DCCN658,6.1
B16DCDT192,0
B19DCVT327,0
B19DCMR189,5.1
B19DCVT429,0
B19DCKT199,0
B19DCTT020,5.5
B19DCTT030,4.8
B19DCPT052,7.2
B19DCDT055,4.6
B19DCDT069,7
B19DCTT041,6.5
B19DCCN255,8.3
B19DCDT080,0
B19DCTT043,0
B19DCDT088,7.9
B19DCVT159,5.4
B19DCVT172,0
B19DCCN310,7.8
B19DCTT053,0
B19DCCN335,4.8
B19DCCN343,0
B19DCCN360,8.3
B19DCCN371,4.7
B19DCAT117,8.1
B19DCCN411,0
B19DCPT156,7.3
B19DCVT249,5.9
B19DCVT262,6.5
B19DCAT129,8
B19DCTT087,0
B19DCVT282,0
B19DCCN638,0
B19DCCN647,0
B19DCDT236,5.7
B19DCTT101,0
B19DCTT116,0
B19DCDT247,0
B19DCVT422,6.6
B19DCPT213,0
B19DCAT170,8.2
B19DCVT430,6.9
B19DCKT013,8.1
B19DCVT014,6.3
B19DCMR017,5.6
B19DCCN082,6
B19DCCN087,5.6
B19DCVT054,6.1
B19DCCN145,0
B19DCVT083,7.8
B19DCKT040,0
B19DCKT044,0
B19DCKT048,7.3
B19DCCN238,8.2
B19DCCN244,0
B19DCKT066,6.7
B19DCVT152,7.9
B19DCCN316,6.7
B19DCKT080,0
B19DCMR086,4.8
B19DCKT084,0
B19DCKT104,0
B19DCKT107,6.6
B19DCVT260,7.1
B19DCKT116,0
B19DCVT264,8.2
B19DCCN642,0
B19DCKT155,7
B19DCVT396,7.3
B19DCKT163,4.2
B19DCCN597,5.4
B19DCCN690,8.1
B19DCCN702,6.8
B19DCCN617,6.5
B19DCMR162,0
B19DCVT366,6.2
B19DCKT196,7.8
B19DCVT440,6.8
B19DCCN718,6.5
B19DCDT003,0
B19DCCN027,7.7
B19DCVT023,5
B19DCDT019,0
B19DCCN068,7.1
B19DCVT032,5.6
B19DCQT034,0
B19DCCN139,6.5
B19DCVT074,0
B19DCCN180,8
B19DCPT051,4.8
B19DCTT031,8.3
B19DCCN187,6.5
B19DCCN211,0
B19DCVT124,4.6
B19DCCN259,8.4
B19DCQT063,4.8
B18DCTT040,0
B19DCQT072,7.1
B19DCCN340,0
B18DCTT056,8.2
B19DCCN384,0
B19DCVT245,0
B19DCDT137,7.4
B17DCVT228,0
B19DCVT271,0
B18DCTT080,5.2
B19DCCN487,7.9
B16DCCN503,7.3
B19DCVT310,7
B19DCCN637,0
B19DCCN650,0
B19DCVT333,0
B16DCCN363,0
B19DCVT349,0
B19DCMR202,0
B19DCMR206,5.3
B19DCMR001,5.8
B19DCMR005,7.4
B19DCMR008,0
B19DCMR013,7.5
B19DCMR029,8
B19DCVT055,0
B19DCCN181,0
B19DCTT032,5.4
B19DCVT102,7.6
B17DCMR032,0
B19DCMR058,0
B19DCMR059,5.7
B19DCQT061,5.3
B19DCVT132,0
B19DCMR073,7.9
B19DCPT110,0
B19DCPT114,6.3
B19DCDT113,7.6
B19DCPT144,7.2
B19DCPT146,8
B19DCCN417,7.7
B19DCMR120,6.2
B19DCCN469,8.8
B19DCMR125,7.3
B19DCCN481,8.5
B19DCMR137,7.6
B19DCVT283,6.8
B19DCVT298,6.4
B19DCCN553,8.1
B19DCMR155,7
B19DCCN655,5.1
B19DCMR171,7.3
B19DCVT380,0
B19DCMR190,5.9
B19DCPT244,6.7
B19DCTM081,7.8
B19DCVT025,8.4
B19DCDT026,0
B19DCCN073,0
B19DCVT033,7.1
B19DCVT051,0
B19DCAT028,8.1
B19DCVT056,6.1
B19DCCN132,5.5
B19DCAT032,5.4
B19DCCN156,0
B19DCCN164,0
B19DCCN177,5.1
B19DCAT045,7.2
B19DCVT141,0
B19DCVT142,7.2
B19DCDT082,0
B19DCVT177,7.4
B19DCQT076,6.8
B19DCVT201,0
B19DCVT217,0
B19DCCN397,0
B19DCVT236,7.9
B19DCCN405,6.2
B19DCVT267,8.3
B19DCMR117,0
B19DCVT275,0
B19DCAT140,6.5
B19DCVT303,8
B19DCAT149,0
B19DCCN676,0
B19DCVT401,7.3
B19DCVT321,7.3
B19DCCN691,0
B18DCCN555,0
B19DCVT351,6.2
B19DCVT361,7.9
B19DCKT200,0
B19DCTM004,7.1
B19DCVT015,8.2
B19DCMR016,5.5
B19DCMR028,6.2
B19DCPT023,0
B19DCCN142,7.2
B19DCMR046,7
B19DCDT040,7.9
B19DCVT077,6.5
B19DCTM018,6.4
B19DCCN176,0
B19DCVT108,8
B19DCVT116,7.5
B19DCVT130,0
B19DCTM028,7.6
B19DCTM032,0
B19DCKT082,6.5
B19DCVT213,0
B19DCMR118,7
B19DCKT127,0
B19DCTM054,8.7
B19DCVT279,7.3
B19DCVT285,7.1
B19DCTM061,5.7
B19DCTM062,5.2
B19DCAT157,5.9
B19DCVT384,5.1
B19DCCN665,0
B19DCMR175,6.8
B19DCMR177,5.2
B19DCTM064,0
B19DCVT323,6.9
B19DCVT424,4.3
B19DCMR160,6.6
B19DCMR161,6.4
B19DCVT360,0
B19DCDT255,7.6
B19DCVT006,6.7
B19DCPT018,7.5
B19DCCN094,6.6
B19DCVT038,6.5
B19DCCN092,0
B19DCQT039,0
B19DCPT063,6.1
B19DCMR063,5
B19DCVT125,0
B19DCAT069,0
B19DCVT149,6.5
B19DCVT165,7.2
B19DCVT170,0
B19DCPT103,6.9
B19DCVT204,6.2
B19DCVT192,5.7
B19DCPT120,7
B19DCVT218,5
B19DCVT224,7.2
B19DCQT095,6.3
B19DCPT158,0
B19DCVT261,0
B19DCVT269,0
B17DCDT133,0
B19DCAT131,7.4
B19DCAT154,7.9
B19DCAT177,0
B19DCCN675,5.6
B19DCCN580,5.4
B19DCMR159,5.6
B19DCTM065,0
B19DCCN599,0
B19DCVT348,5.7
B19DCCN629,4.4
B19DCQT182,4.7
B19DCVT436,6.2
B19DCKT003,6.3
B19DCCN048,7
B19DCPT019,6.7
B19DCCN080,7.3
B19DCCN119,7.1
B19DCCN120,7.6
B19DCCN149,5.1
B19DCCN190,0
B19DCVT099,6.1
B19DCKT056,5
B19DCKT062,0
B19DCKT064,4.9
B19DCCN232,0
B19DCVT134,6.6
B19DCVT146,6.9
B19DCCN272,8.4
B19DCCN284,0
B19DCCN292,0
B19DCCN364,0
B19DCKT087,6.4
B19DCCN373,0
B19DCCN378,5.5
B19DCKT109,6.6
B19DCCN464,6
B19DCCN488,7.6
B19DCVT284,4.1
B19DCKT136,5.4
B19DCKT142,5.6
B19DCCN521,5.5
B19DCKT144,6.8
B19DCCN573,8.2
B19DCKT158,6.5
B19DCCN662,6.3
B19DCVT390,6.2
B19DCKT179,0
B19DCCN628,6.8
B19DCVT364,4.7
B19DCCN009,5.9
B19DCMR012,6.2
B19DCCN095,5.5
B19DCVT042,0
B19DCCN111,6.8
B19DCQT035,7
B17DCQT026,8.1
B19DCCN159,4.5
B19DCVT094,4.9
B19DCAT046,0
B19DCAT048,0
B19DCAT052,0
B19DCKT047,0
B19DCVT127,7.4
B19DCVT135,0
B19DCDT096,4.9
B19DCPT098,7.3
B19DCAT083,6.9
B19DCCN329,6.1
B19DCCN336,6.2
B19DCTT057,8.2
B19DCVT193,0
B18DCCN362,0
B19DCAT124,0
B19DCPT168,0
B19DCCN506,8
B19DCPT177,5.2
B19DCDT183,0
B19DCAT148,0
B19DCAT152,5.4
B19DCVT313,0
B19DCAT189,0
B19DCAT159,0
B19DCTM077,0
B19DCKT181,5.4
B19DCAT198,7.5
B19DCDT248,6.5
B19DCVT433,0
B19DCKT025,0
B19DCMR039,6.9
B19DCCN146,7.1
B18DCCN134,4.7
B19DCPT042,0
B16DCCN054,0
B19DCVT088,7.3
B19DCCN219,0
B19DCKT055,5.8
B19DCCN248,5.8
B19DCVT167,0
B19DCCN300,6.9
B19DCMR079,6.6
B19DCPT116,6.2
B19DCCN341,7.7
B19DCPT128,4.7
B19DCKT083,5
B19DCCN731,7
B19DCKT095,7.2
B19DCKT105,0
B19DCVT233,6.4
B19DCCN449,5.8
B19DCKT123,5.5
B19DCTM058,5
B19DCKT140,5.7
B19DCKT141,5.9
B19DCMR151,6.9
B19DCCN564,5.6
B19DCCN636,5.9
B19DCVT378,7.3
B19DCPT233,8.3
B19DCCN586,7.6
B19DCKT151,0
B19DCCN600,0
B19DCVT342,6.8
B19DCMR199,6.3
B19DCMR009,6.6
B19DCQT011,8.3
B19DCQT018,5.6
B19DCVT024,6.3
B19DCMR026,6.9
B19DCMR021,7.1
B19DCMR022,7
B19DCCN108,6.8
B19DCAT029,0
B19DCMR042,6.1
B19DCDT049,8.2
B19DCAT049,8.3
B19DCCN201,0
B19DCDT065,7
B19DCCN210,0
B19DCAT065,7.8
B19DCDT077,7
B19DCAT073,0
B19DCKT074,5.2
B19DCQT079,0
B19DCVT214,5.8
B19DCAT111,7.1
B19DCQT096,0
B19DCQT103,0
B19DCDT157,7.5
B19DCCN507,0
B19DCMR141,6.5
B19DCAT141,8.3
B19DCDT180,6.3
B19DCQT140,6.9
B19DCKT167,0
B19DCCN583,0
B19DCQT174,6
B19DCQT176,7.4
B19DCMR196,7.9
B17DCCN010,0
B18DCCN039,0
B18DCVT029,8.7
B19DCVT071,7.3
B19DCPT040,0
B19DCDT048,0
B18DCCN170,0
B19DCKT037,0
B19DCPT083,7.2
B19DCAT068,0
B19DCDT083,0
B19DCKT069,0
B19DCPT095,0
B19DCDT100,5.1
B19DCVT164,4.4
B19DCQT073,5.8
B19DCDT116,5.7
B19DCDT125,7
B19DCDT132,0
B19DCKT102,0
B19DCDT142,6.8
B18DCVT301,0
B19DCMR122,0
B19DCDT166,0
B19DCPT180,0
B19DCVT308,8
B19DCCN574,0
B19DCCN641,0
B19DCQT153,6.7
B19DCDT233,7.4
B19DCKT174,7.1
B19DCDT249,7.1
B19DCVT346,6.7
B19DCDT212,4.9
B19DCCN715,5.5
B18DCCN698,0
B19DCDT257,7.2
B19DCAT004,6.2
B19DCQT005,7.6
B19DCVT017,0
B19DCQT015,0
B19DCDT017,8.2
B19DCMR023,7.4
B19DCQT033,0
B19DCMR035,0
B19DCAT036,7
B19DCTM021,5.3
B19DCVT086,0
B19DCVT169,7
B19DCAT096,7.1
B19DCMR085,7
B19DCVT222,0
B19DCQT092,6.3
B19DCDT135,7.5
B19DCMR105,0
B19DCTM042,5.5
B19DCVT274,0
B19DCQT105,6.3
B19DCCN458,7.1
B19DCMR150,0
B19DCVT306,0
B19DCMR157,7.2
B19DCVT371,6.1
B19DCAT178,7.7
B19DCVT391,0
B19DCAT197,7.9
B19DCCN699,7.5
B19DCMR193,7.4
B19DCVT426,6.5
B19DCQT181,7.3
B19DCTM080,0
B19DCAT206,6.7
B19DCQT013,0
B19DCQT017,5.2
B19DCMR015,4.8
B19DCQT021,7.8
B19DCCN107,0
B19DCCN071,5.4
B19DCCN131,7.4
B19DCAT030,7.6
B19DCQT049,8
B19DCDT053,5.7
B19DCCN192,6.9
B19DCMR056,6.2
B19DCVT118,6.8
B18DCDT070,0
B19DCPT084,0
B19DCCN258,7.8
B19DCVT144,7.2
B19DCMR072,8.5
B19DCAT076,7.4
B19DCMR080,0
B19DCMR088,8
B19DCKT094,5.9
B19DCQT090,4.6
B18DCCN482,5.4
B19DCMR147,5.2
B19DCMR164,6.2
B19DCVT382,5.8
B19DCCN664,5.5
B19DCVT334,7.9
B19DCCN612,7.7
B19DCVT352,5
B19DCCN630,7.2
B19DCTM068,6.9
B19DCAT010,5.1
B19DCVT040,7.3
B19DCVT041,0
B19DCMR024,6.9
B19DCAT022,5.3
B19DCAT031,0
B18DCAT047,4.6
B19DCCN199,5.9
B19DCTT034,0
B19DCAT063,5.9
B18DCCN211,8.7
B19DCPT090,0
B19DCCN309,0
B19DCAT095,7.1
B19DCCN357,7.3
B19DCCN381,6.5
B19DCVT227,6.4
B19DCCN399,6.4
B19DCVT243,7
B19DCCN477,7.2
B19DCVT289,7.1
B19DCCN520,7
B19DCDT178,6.5
B19DCVT304,7.8
B19DCPT201,5.8
B19DCKT157,0
B19DCCN672,0
B19DCCN677,0
B19DCCN582,7.3
B19DCKT175,0
B19DCKT177,6.7
B19DCPT211,6.6
B18DCCN583,0
B19DCMR205,7.1
B19DCQT006,6.9
B19DCQT010,5.9
B19DCQT027,6.3
B19DCVT034,0
B19DCVT072,7.1
B19DCVT082,0
B19DCCN183,6.8
B19DCVT096,0
B19DCPT075,0
B19DCCN227,0
B19DCVT123,8.1
B19DCCN273,8
B19DCCN304,7.7
B19DCAT097,5.3
B19DCMR083,5
B19DCCN359,6.6
B19DCCN363,0
B19DCAT102,0
B19DCCN372,5.9
B19DCAT123,5.9
B19DCCN420,7.8
B19DCCN462,6.6
B19DCCN480,0
B17DCVT278,0
B19DCCN516,5.2
B19DCQT139,7.2
B19DCCN667,7.8
B19DCVT400,5.9
B19DCPT237,0
B19DCCN704,4.7
B19DCCN603,7.2
B19DCMR204,6.7
B19DCVT448,7.3
B19DCCN005,7.1
B19DCQT004,7.3
B19DCVT028,7.1
B19DCVT053,8.5
B19DCVT085,6.1
B19DCCN186,9.4
B19DCCN208,8
B19DCCN225,0
B19DCPT079,7.1
B19DCCN263,7.9
B19DCCN291,0
B19DCVT182,5.8
B19DCQT077,7.8
B19DCVT195,5.7
B19DCVT221,0
B19DCPT139,6.3
B19DCAT114,6.8
B18DCAT161,0
B19DCMR115,5.3
B19DCQT111,6.6
B19DCQT121,6.9
B19DCMR134,0
B19DCVT294,5.2
B19DCVT315,0
B19DCQT149,7.4
B19DCVT381,6.8
B18DCCN636,0
B19DCPT228,6.4
B19DCQT165,6.8
B19DCMR181,5.9
B19DCCN686,7.6
B19DCMR185,0
B19DCQT173,6.2
B19DCVT341,6.9
B19DCPT216,6.7
B19DCVT016,7.5
B19DCCN063,5.6
B19DCTM014,0
B19DCCN124,7
B19DCCN157,6.3
B19DCQT056,6.7
B19DCCN215,6
B18DCVT126,6.9
B19DCCN228,5.1
B19DCTM023,6.6
B19DCKT065,6.2
B18DCVT167,0
B19DCPT106,7.7
B19DCKT075,7.6
B19DCAT100,5.2
B19DCCN352,7.8
B19DCVT212,4.6
B19DCTM035,6.6
B19DCVT239,6.3
B19DCVT241,0
B19DCVT244,0
B19DCCN424,5.3
B19DCQT110,6.1
B19DCCN490,7.2
B19DCQT126,0
B19DCKT146,5.7
B18DCPT220,7.9
B19DCKT161,6.6
B19DCVT331,5.5
B17DCDT185,7.2
B19DCPT236,0
B19DCPT240,7
B19DCVT428,7.2
B19DCMR203,7.3
B19DCVT445,0
B18DCPT005,8
B19DCCN024,6.9
B19DCPT016,7.5
B19DCVT020,7.6
B19DCCN105,4.8
B19DCCN122,8.1
B19DCQT041,7.7
B19DCCN175,7.3
B19DCCN196,0
B19DCPT074,7.1
B19DCAT064,7.1
B19DCTM025,0
B19DCCN277,0
B19DCCN283,5.4
B19DCPT108,7.2
B19DCPT113,6.8
B19DCCN353,8.4
B19DCPT132,7
B19DCVT231,6.6
B19DCCN432,4.4
B19DCPT161,7.2
B19DCCN447,6
B19DCCN453,6.6
B19DCCN467,7.6
B19DCTM057,7.6
B19DCPT182,8.3
B19DCTT096,7.1
B19DCAT153,6.5
B19DCCN562,7.9
B19DCCN576,7.1
B19DCCN660,7.9
B19DCAT196,5.9
B19DCCN614,8.1
B19DCQT144,4.3
B19DCVT005,0
B19DCCN023,0
B19DCCN038,6.5
B19DCQT019,6.1
B19DCQT028,0
B19DCPT022,8.4
B19DCTT023,7.5
B19DCQT040,7.1
B19DCPT036,8.4
B19DCCN179,0
B19DCPT050,6.1
B19DCQT048,8.1
B19DCVT095,6.8
B19DCAT054,6
B15DCTT031,0
B19DCCN303,6.5
B19DCVT179,6.6
B19DCDT124,0
B19DCTT071,0
B19DCVT253,6.2
B19DCQT100,6.1
B19DCPT165,7.7
B19DCQT104,6.4
B18DCCN432,0
B19DCCN470,8.2
B19DCCN502,7.8
B19DCKT145,5.6
B19DCCN561,0
B19DCVT312,5.7
B19DCVT403,0
B19DCKT171,5.5
B19DCCN581,6.4
B19DCVT432,7
B19DCVT435,6
B19DCKT005,7.6
B19DCVT021,0
B19DCPT017,8.8
B19DCTT016,6.8
B19DCCN086,7.6
B19DCMR038,6.9
B17DCDT054,0
B19DCMR040,6.8
B19DCTT028,8.4
B19DCPT048,5.5
B19DCCN189,5
B19DCCN195,6.8
B19DCPT067,7.5
B19DCVT129,7.6
B19DCKT070,7
B19DCTT055,7.5
B19DCKT078,7.6
B19DCTT064,6.4
B19DCCN425,5.1
B19DCKT114,7.8
B19DCTT078,6.3
B19DCKT124,6.1
B19DCCN476,7
B19DCKT135,0
B19DCCN515,7.3
B18DCKT149,5.3
B19DCTT099,6.8
B19DCTT113,6.1
B19DCTT115,6.4
B19DCVT402,7.6
B19DCPT202,8.3
B19DCKT173,7
B19DCTT117,6.9
B19DCKT153,7.2
B19DCTT010,8.6
B19DCMR027,6.6
B19DCTT026,0
B19DCPT054,7.8
B19DCPT057,8.9
B19DCMR067,7.7
B19DCDT084,4.2
B18DCVT173,6.4
B19DCMR076,7.3
B19DCTT058,7.6
B19DCTT062,7.5
B18DCQT085,8.2
B19DCPT142,7.9
B19DCMR106,8.4
B19DCCN421,5.5
B19DCCN429,7.7
B19DCCN441,8.1
B19DCMR114,8.1
B19DCKT201,8
B19DCMR136,5.7
B19DCMR142,6.9
B19DCCN546,0
B19DCTT108,7.6
B19DCCN648,0
B19DCVT387,6.8
B19DCMR178,6.9
B19DCPT207,7.7
B19DCCN604,8.4
B19DCPT210,6.4
B19DCCN621,8
B17DCDT210,8.2
B19DCTT104,6.9
B19DCPT221,8
B19DCMR194,7
B19DCMR200,8.2
B19DCVT011,6.8
B19DCCN029,7.7
B19DCCN037,5.8
B19DCQT016,6.1
B19DCVT039,0
B18DCCN101,8.6
B19DCTT024,7.8
B19DCVT069,7.1
B17DCAT072,0
B19DCAT080,6.1
B19DCVT168,0
B19DCQT070,6.2
B19DCPT102,7.1
B19DCDT118,7.1
B19DCAT116,0
B19DCMR108,0
B19DCDT152,7
B19DCCN498,6.6
B19DCPT178,0
B18DCDT209,0
B19DCQT187,0
B19DCQT159,0
B19DCPT204,8.5
B19DCMR186,0
B19DCAT204,0
B18DCMR002,7.3
B19DCVT010,8.9
B19DCCN028,7.1
B19DCCN033,0
B19DCCN074,7.6
B19DCPT029,6.1
B19DCCN134,7.9
B19DCPT034,6.9
B19DCCN170,7.5
B19DCPT049,6.6
B19DCCN182,8.4
B19DCPT056,0
B19DCVT117,7.3
B19DCVT122,8
B19DCCN230,7.3
B19DCTT042,6.9
B19DCCN254,8
B19DCVT150,8.3
B19DCCN302,7.2
B19DCPT151,7.4
B19DCAT126,7.7
B19DCCN445,6.8
B19DCQT102,7.4
B19DCCN489,6.4
B18DCMR147,0
B19DCTT090,6.2
B19DCTT092,0
B19DCVT291,5.1
B19DCDT176,7.7
B18DCVT395,5.7
B19DCDT220,0
B19DCAT191,8.3
B19DCTT106,6.8
B19DCCN010,7.5
B19DCVT031,0
B18DCCN055,0
B19DCCN097,6.1
B19DCCN140,6.3
B18DCCN110,0
B19DCVT071,5.9
B19DCQT047,6.5
B18DCCN142,4.2
B19DCCN234,7.2
B19DCCN249,0
B19DCVT138,0
B19DCCN256,5.3
B19DCVT143,6.5
B19DCPT094,7.2
B19DCVT163,7.2
B14DCPT224,0
B19DCCN325,6.1
B19DCVT190,0
B19DCVT205,0
B19DCCN386,0
B18DCCN340,0
B19DCAT121,6.9
B19DCTM046,5.6
B19DCCN450,6.1
B19DCDT179,0
B19DCCN669,8.1
B19DCCN679,0
B19DCVT319,6.8
B19DCVT326,6.4
B19DCQT172,4.9
B19DCCN015,0
B19DCVT013,8.1
B19DCKT023,6.7
B19DCQT024,0
B19DCCN096,7.6
B19DCKT033,0
B19DCCN158,0
B19DCQT051,4.5
B19DCAT050,6.6
B19DCDT066,0
B19DCCN213,8
B19DCPT085,0
B19DCVT199,0
B19DCCN348,0
B19DCCN396,7.3
B19DCVT238,0
B19DCCN408,7.9
B19DCQT118,6.4
B19DCVT299,6.1
B19DCQT151,0
B19DCAT183,8.4
B19DCVT317,7.2
B18DCVT362,5.4
B19DCPT203,4.8
B19DCPT205,7.1
B19DCQT169,0
B19DCCN696,5.7
B19DCVT421,0
B19DCVT335,0
B19DCPT215,6.3
B19DCKT192,6.4
B19DCPT001,7.2
B19DCTM002,0
B19DCTM016,7.1
B19DCPT035,7.3
B19DCVT073,7
B19DCPT059,6.5
B19DCMR061,7
B17DCDT079,6
B19DCQT065,4.7
B19DCQT066,7.4
B19DCCN330,7.4
B19DCTM034,7.5
B19DCQT089,0
B19DCTM036,7.9
B19DCCN383,6
B19DCTT070,7.5
B19DCTM044,7.3
B19DCQT101,6
B19DCMR126,7.2
B19DCMR153,6.5
B19DCCN565,6.8
B19DCDT218,6.6
B19DCMR173,8
B19DCQT161,0
B19DCVT330,0
B19DCPT209,0
B19DCVT339,6.3
B19DCCN634,0
B19DCKT188,7.4
B19DCDT252,8.5
B19DCTT122,6.8
B19DCTM010,5.6
B19DCDT018,7.5
B19DCMR036,0
B19DCTM017,7.7
B19DCDT041,0
B19DCCN160,0
B19DCTM019,8.4
B18DCCN158,6.3
B19DCMR049,0
B19DCVT090,0
B19DCMR055,7.7
B19DCKT046,6.2
B19DCMR066,7.3
B19DCMR069,0
B17DCPT084,0
B19DCTM029,8.7
B17DCVT153,7.8
B19DCVT175,8.2
B19DCVT197,6.6
B19DCVT200,7.4
B19DCVT207,6.7
B19DCCN368,7.4
B19DCTM033,7.2
B19DCVT235,6.1
B19DCTM048,5.2
B19DCVT272,7.8
B18DCAT172,7.1
B19DCCN525,7
B19DCMR156,6.6
B16DCMR100,7.9
B19DCTM066,5.5
B19DCVT350,7.5
B19DCVT355,7.8
B19DCCN019,7.9
B19DCCN030,6.6
B19DCCN031,7.3
B19DCCN060,9
B19DCVT048,0
B19DCVT066,7.3
B19DCVT067,6.5
B19DCDT061,0
B19DCQT062,0
B19DCVT126,8.4
B19DCAT075,5.7
B19DCVT162,0
B19DCCN311,7.9
B19DCTM031,7.2
B19DCAT099,7.2
B19DCCN369,7.2
B19DCQT091,6.6
B19DCCN456,6.2
B19DCCN479,6.5
B19DCQT114,8.1
B19DCCN485,6.8
B19DCTM056,8.1
B19DCQT122,6.3
B19DCVT293,0
B18DCVT340,0
B19DCQT138,8.6
B17DCVT306,5.8
B19DCAT179,6.1
B19DCVT389,7.3
B19DCVT394,0
B19DCQT158,8.2
B19DCVT419,7
B19DCKT197,6.5
B19DCTT001,8.5
B19DCCN102,7.8
B19DCCN078,8.1
B19DCPT025,7.3
B19DCTT019,6
B19DCCN168,6.6
B19DCTT029,0
B19DCTT037,0
B19DCTT039,5.7
B19DCKT060,6.7
B19DCPT091,7.2
B19DCTT047,0
B19DCVT187,0
B19DCTT059,7.3
B18DCPT119,0
B19DCMR097,5.8
B19DCCN434,0
B19DCTT124,0
B19DCTT085,7
B19DCDT175,0
B19DCVT297,6.8
B19DCCN570,7.6
B19DCVT395,0
B19DCMR176,0
B19DCTT100,6.6
B17DCDT181,0
B19DCTT102,7.7
B19DCAT163,8.3
B19DCTT103,6.9
B19DCAT171,6.2
B19DCTT105,8.1
B19DCAT207,7